Pebble Details,,,,,,,,,,
UTM X (m),UTM Y (m),a (px),b (px),a (m),b (m),area (px),area (m2),orientation,ellipse area (px),perc. diff. area
-104.7125857,32.24157326,75.97599977,33.95673525,4.16E-06,1.86E-06,1471,4.42E-12,-0.29257797,2020.698102,27.20337598
-104.71259,32.24156718,46.89536797,20.2882325,2.57E-06,1.11E-06,440,1.32E-12,-1.206575365,745.2006799,40.95550207
-104.7126108,32.24155222,73.73654642,28.71534418,4.04E-06,1.57E-06,1321,3.97E-12,-0.710047644,1658.425245,20.34612331
-104.7126019,32.24155096,76.10508533,55.55808709,4.17E-06,3.04E-06,2423,7.27E-12,-2.658652942,3311.769047,26.8366856
-104.7126114,32.24154959,86.73310389,55.7831387,4.75E-06,3.06E-06,2858,8.58E-12,-2.653799342,3789.543674,24.58194849
-104.7126163,32.24154899,76.00025504,62.36890159,4.16E-06,3.42E-06,3319,9.97E-12,-2.698441831,3712.63476,10.60257164
-104.7125757,32.24162915,28.82227261,21.21361126,1.58E-06,1.16E-06,355,1.07E-12,-1.999671691,478.8967713,25.87128975
-104.7126229,32.24161304,109.2087982,73.82699411,5.98E-06,4.05E-06,4353,1.31E-11,-1.694453129,6314.978781,31.068652
-104.712618,32.24157869,40.12789879,21.04365394,2.20E-06,1.15E-06,388,1.16E-12,-3.109841534,661.4037487,41.33689131
-104.7125856,32.24157639,43.74164563,35.96760608,2.40E-06,1.97E-06,908,2.73E-12,-1.511465098,1232.269593,26.31482552
-104.712639,32.24157425,50.63639808,38.18581646,2.77E-06,2.09E-06,1025,3.08E-12,-0.673347708,1514.481482,32.32007046
-104.7126301,32.24156329,40.63320122,23.91653251,2.23E-06,1.31E-06,496,1.49E-12,-2.099776237,761.1641665,34.83665919
-104.7126388,32.24156225,48.90798833,26.12263442,2.68E-06,1.43E-06,677,2.03E-12,-2.853198296,1000.681461,32.34610347
-104.7126289,32.24156082,41.09681187,26.18319146,2.25E-06,1.43E-06,552,1.66E-12,-2.035796351,842.8102234,34.50482864
-104.7126291,32.24154877,55.3365218,34.47853152,3.03E-06,1.89E-06,1040,3.12E-12,-2.678177273,1494.375365,30.40570501
-104.7126233,32.24154548,27.49411504,22.02584258,1.51E-06,1.21E-06,407,1.22E-12,-0.946768202,474.3199131,14.19293419
,,,,,,,,,,
-104.7124609,32.24174362,50.5279248,32.83621794,2.77E-06,1.80E-06,763,2.29E-12,-1.732192986,1299.522109,41.2861086
-104.7124629,32.24173321,37.66127945,23.36697292,2.06E-06,1.28E-06,406,1.22E-12,-2.769975795,689.2814748,41.09808332
-104.7124818,32.24169523,32.99733863,29.94822069,1.81E-06,1.64E-06,479,1.44E-12,-1.912376319,774.0143631,38.11484349
-104.7124892,32.24168362,36.26500747,26.12990551,1.99E-06,1.43E-06,593,1.78E-12,-1.882960248,742.2063947,20.10308666
-104.7125097,32.24167244,33.4229304,26.13408068,1.83E-06,1.43E-06,592,1.78E-12,-2.970380523,684.1492157,13.46916924
-104.7124951,32.24167085,49.06795221,24.73271413,2.69E-06,1.36E-06,786,2.36E-12,-0.775508128,950.5364879,17.30985501
-104.7124974,32.24168022,214.3362336,51.1886483,1.17E-05,2.80E-06,7054,2.12E-11,-2.374754332,8593.465501,17.91437343
-104.7124961,32.24167792,111.2185349,32.02148681,6.09E-06,1.75E-06,1767,5.31E-12,-2.314637752,2789.444623,36.65405702
-104.7124869,32.24167145,31.53700854,20.10493116,1.73E-06,1.10E-06,432,1.30E-12,-2.708763854,496.6176693,13.01155261
-104.7124816,32.24165688,108.7410828,56.72814731,5.96E-06,3.11E-06,3728,1.12E-11,-2.784967289,4831.604026,22.84135911
,,,,,,,,,,
-104.7124914,32.2416503,34.54350374,20.2562054,1.89E-06,1.11E-06,448,1.35E-12,-0.049546476,548.0542618,18.25626927
-104.7124897,32.24164871,46.95909427,21.31206166,2.57E-06,1.17E-06,482,1.45E-12,-2.282872652,783.8703853,38.51024237
-104.7124973,32.24164493,35.43536573,21.06871542,1.94E-06,1.15E-06,491,1.47E-12,-1.157489102,584.7551534,16.03323251
-104.7125277,32.24164323,50.4858098,31.1417746,2.77E-06,1.71E-06,961,2.89E-12,-2.237258603,1231.435772,21.96101315
-104.7124619,32.24164088,44.24275876,28.88531311,2.42E-06,1.58E-06,688,2.07E-12,-2.3322755,1000.963775,31.26624386
-104.7124971,32.24163376,29.10468279,22.00930671,1.59E-06,1.21E-06,399,1.20E-12,-2.282510609,501.727972,20.47483452
-104.7125048,32.24162362,90.8978605,59.8713405,4.98E-06,3.28E-06,3456,1.04E-11,-2.803707026,4262.571967,18.92219001
-104.7125022,32.24161874,107.2553596,59.62745167,5.88E-06,3.27E-06,4010,1.20E-11,-2.683341251,5009.15342,19.94655257
-104.7124969,32.2416148,74.66633999,42.59293486,4.09E-06,2.33E-06,1974,5.93E-12,-2.224426013,2490.92993,20.7524878
-104.7124997,32.24161233,39.65460845,35.80418133,2.17E-06,1.96E-06,808,2.43E-12,-2.365088186,1112.055584,27.34176137
-104.7125227,32.24161167,39.11348483,29.91798577,2.14E-06,1.64E-06,808,2.43E-12,-3.06951001,916.553761,11.84368726
-104.7125013,32.24161047,46.31453001,21.18420145,2.54E-06,1.16E-06,583,1.75E-12,-2.107538171,768.4726938,24.13523542
-104.7125152,32.24161091,34.61516491,27.63979473,1.90E-06,1.51E-06,638,1.92E-12,-2.803380228,749.3768968,14.86260082
-104.7125297,32.24160899,68.44057708,43.48901567,3.75E-06,2.38E-06,1939,5.82E-12,-0.45941861,2331.268642,16.82640237
-104.7125165,32.24160806,34.12661527,30.18802477,1.87E-06,1.65E-06,654,1.96E-12,-1.223208374,806.9135261,18.95042296
-104.7125177,32.24160422,95.36448239,54.17581644,5.23E-06,2.97E-06,3087,9.27E-12,-0.782946373,4046.608618,23.71389745
-104.7125161,32.2416011,193.8647382,116.7453232,1.06E-05,6.40E-06,11886,3.57E-11,-2.307414837,17727.08781,32.95006983
-104.7125028,32.24160302,39.94060835,30.07975427,2.19E-06,1.65E-06,718,2.16E-12,-2.44972983,940.9965708,23.69791535
-104.7125511,32.24160258,46.4504367,31.88562486,2.55E-06,1.75E-06,887,2.66E-12,-2.461437076,1160.068982,23.53902969
-104.7125318,32.24159995,48.05527697,22.60888399,2.63E-06,1.24E-06,576,1.73E-12,-2.633008048,850.9798787,32.31332322
-104.7125239,32.24159913,51.30492503,33.1007335,2.81E-06,1.81E-06,1067,3.20E-12,-1.822612921,1330.135108,19.78258495
-104.7125216,32.24159819,34.96030283,27.67459374,1.92E-06,1.52E-06,553,1.66E-12,-2.471426182,757.801606,27.02575508
-104.7125109,32.24159611,56.31098244,44.02055349,3.09E-06,2.41E-06,1710,5.13E-12,-0.211437917,1941.546,11.92585703
-104.7125355,32.24159359,301.4046819,126.0493718,1.65E-05,6.91E-06,17840,5.36E-11,-2.952842416,29757.0422,40.04780489
-104.7125203,32.24159458,221.109209,79.45212977,1.21E-05,4.35E-06,7905,2.37E-11,-0.073256745,13759.7789,42.54994898
-104.7125153,32.24159304,44.16925679,24.64442805,2.42E-06,1.35E-06,721,2.16E-12,-2.789516798,852.5854493,15.43369634
-104.7125486,32.24159019,56.33738379,37.5253306,3.09E-06,2.06E-06,1474,4.43E-12,-3.075252952,1655.847298,10.98212969
-104.7125234,32.24158855,29.41341287,20.82071943,1.61E-06,1.14E-06,285,8.56E-13,-0.353631896,479.6674319,40.5838335
-104.712548,32.2415817,138.6716018,78.22623781,7.60E-06,4.29E-06,7793,2.34E-11,-2.52685754,8496.48035,8.279667825
-104.7125451,32.24157885,206.9872272,74.02203164,1.13E-05,4.06E-06,9612,2.89E-11,-2.896696762,12000.61848,19.90412811
-104.712553,32.24157403,105.7941067,70.08436655,5.80E-06,3.84E-06,4932,1.48E-11,-2.216716853,5807.399588,15.07386524
-104.7125137,32.24161907,127.7660329,63.90491906,7.00E-06,3.50E-06,4885,1.47E-11,-3.094344892,6395.121217,23.61364493
-104.7125159,32.24161299,261.3214291,123.2260714,1.43E-05,6.75E-06,16776,5.04E-11,-0.150254265,25221.83665,33.48620787
-104.712527,32.24160581,337.8601093,177.3559286,1.85E-05,9.72E-06,29234,8.78E-11,-2.976407901,46933.36682,37.71169217
-104.7125273,32.24158833,107.2346324,54.13555353,5.88E-06,2.97E-06,3413,1.02E-11,-0.292277254,4546.913899,24.9380992
-104.7125487,32.24158608,101.7043777,38.88063101,5.57E-06,2.13E-06,2705,8.12E-12,-2.695560106,3097.219841,12.66360998
,,,,,,,,,,
-104.7123634,32.24175639,43.14315206,23.64533617,2.36E-06,1.30E-06,662,1.99E-12,-2.763720946,799.0177844,17.14827718
-104.7123763,32.24175425,53.73856214,32.31079505,2.94E-06,1.77E-06,694,2.08E-12,-1.34390283,1359.980771,48.96986672
-104.7123737,32.24175392,77.72924468,28.09555987,4.26E-06,1.54E-06,1359,4.08E-12,-2.415788914,1710.492679,20.54920686
-104.7123632,32.24175403,57.03462928,30.63029544,3.13E-06,1.68E-06,1105,3.32E-12,-0.142070244,1368.323829,19.24426246
-104.712378,32.24175058,60.61133309,28.9825602,3.32E-06,1.59E-06,1260,3.78E-12,-1.706938361,1375.90885,8.424166295
-104.7124348,32.24174833,110.082203,60.30209393,6.03E-06,3.30E-06,2680,8.05E-12,-1.806601637,5199.344409,48.45503992
-104.7123546,32.24174597,46.1168934,33.91956299,2.53E-06,1.86E-06,827,2.48E-12,-2.509388284,1225.20673,32.50118694
-104.7124293,32.24174313,78.76942561,69.18515479,4.32E-06,3.79E-06,3013,9.05E-12,-3.094691577,4268.444873,29.41223115
-104.7123626,32.24174039,36.50605589,23.55974488,2.00E-06,1.29E-06,423,1.27E-12,-2.096486472,673.6504108,37.20778712
-104.7124113,32.24173819,40.40438253,32.81301236,2.21E-06,1.80E-06,608,1.83E-12,-2.138018286,1038.421467,41.44959254
-104.7123558,32.24173387,35.11997964,20.95290644,1.92E-06,1.15E-06,431,1.29E-12,-2.178073162,576.3650135,25.22099887
-104.712413,32.24173359,52.0406112,27.30307014,2.85E-06,1.50E-06,597,1.79E-12,-3.089270592,1112.891831,46.35597251
-104.712424,32.2417314,45.95735164,30.05791506,2.52E-06,1.65E-06,805,2.42E-12,-2.431138341,1081.964292,25.59828399
-104.7123562,32.24173151,32.18396854,23.25361916,1.76E-06,1.27E-06,436,1.31E-12,-0.677804623,586.177618,25.61981443
-104.7124229,32.24173041,51.8663568,20.45083919,2.84E-06,1.12E-06,684,2.05E-12,-2.181101518,830.7989871,17.66961556
-104.7124108,32.24172992,45.70264132,35.63452265,2.50E-06,1.95E-06,861,2.59E-12,-0.933621377,1275.590649,32.50185705
-104.712408,32.2417274,58.87826885,33.63811461,3.23E-06,1.84E-06,1332,4.00E-12,-0.70181527,1551.264163,14.13454703
-104.7123755,32.24172734,79.21631325,36.45555945,4.34E-06,2.00E-06,1653,4.96E-12,-2.907846694,2261.92122,26.92053176
-104.7123818,32.24172756,51.58029179,27.65034774,2.83E-06,1.52E-06,936,2.81E-12,-2.823476757,1117.077935,16.20996432
-104.7124193,32.24172592,130.8976559,55.87835987,7.17E-06,3.06E-06,4898,1.47E-11,-2.533319031,5728.944317,14.50431827
-104.7123656,32.24172625,49.29397895,33.03288033,2.70E-06,1.81E-06,1077,3.23E-12,-0.257424024,1275.379408,15.5545406
-104.7124073,32.24172499,30.12962785,20.35597136,1.65E-06,1.12E-06,376,1.13E-12,-1.085131103,480.379737,21.72858864
-104.7124297,32.24171956,58.08146933,35.31839879,3.18E-06,1.94E-06,1367,4.10E-12,-2.621687767,1606.710685,14.91934342
-104.7123953,32.2417171,64.70666507,38.37966708,3.55E-06,2.10E-06,1504,4.52E-12,-0.789764208,1945.132999,22.67880906
-104.7124434,32.24170751,67.32593485,34.21826336,3.69E-06,1.87E-06,1265,3.80E-12,-2.89898178,1804.427504,29.89466205
-104.7124497,32.24170362,94.14187777,60.85756041,5.16E-06,3.33E-06,3942,1.18E-11,-3.109656224,4487.417494,12.15437375
-104.7124267,32.24170099,37.5083001,20.22998469,2.06E-06,1.11E-06,455,1.37E-12,-2.525031503,594.3222883,23.44221159
-104.7124246,32.24169639,113.1044846,85.88521789,6.20E-06,4.71E-06,4849,1.46E-11,-2.564668896,7608.469923,36.26839498
-104.7123634,32.24169551,90.44336141,57.16967584,4.96E-06,3.13E-06,3455,1.04E-11,-0.67889795,4049.873947,14.68870277
-104.712428,32.24169244,46.89667895,27.97223985,2.57E-06,1.53E-06,799,2.40E-12,-2.514606758,1027.468257,22.23604043
-104.7124417,32.24169063,87.24759363,38.35694696,4.78E-06,2.10E-06,2189,6.57E-12,-0.106570119,2621.178342,16.48794112
-104.7124453,32.24168521,168.533482,61.99791113,9.23E-06,3.40E-06,5766,1.73E-11,-2.605001511,8183.93803,29.54492105
-104.7124345,32.24168488,96.84566192,60.61665693,5.31E-06,3.32E-06,3878,1.16E-11,-1.991669937,4598.024002,15.65942243
-104.7124375,32.24168543,47.31330132,35.53225064,2.59E-06,1.95E-06,1198,3.60E-12,-2.734325747,1316.755226,9.01877762
-104.7123975,32.24168055,78.53078914,63.5004146,4.30E-06,3.48E-06,3153,9.47E-12,-2.475763093,3905.850388,19.27494177
-104.7124379,32.24168082,35.38468692,33.99523074,1.94E-06,1.86E-06,863,2.59E-12,-0.977936642,942.1768564,8.403608714
-104.7123931,32.24167644,161.8683512,99.08274875,8.87E-06,5.43E-06,10975,3.30E-11,-2.574083734,12562.00814,12.63339528
-104.7124001,32.24167732,130.8369253,70.35415978,7.17E-06,3.86E-06,5481,1.65E-11,-0.342320465,7209.733165,23.97776902
-104.7124024,32.24167463,90.99659869,35.42723389,4.99E-06,1.94E-06,1708,5.13E-12,-1.395472193,2525.000597,32.35645164
-104.7124072,32.24167365,117.2219498,69.92190863,6.42E-06,3.83E-06,5999,1.80E-11,-3.026972314,6419.797017,6.554677918
-104.7123891,32.24167184,35.53699129,30.57391684,1.95E-06,1.68E-06,753,2.26E-12,-0.120362376,851.0024631,11.51611979
-104.7123866,32.24166504,27.00827506,20.25737797,1.48E-06,1.11E-06,342,1.03E-12,-2.79572715,428.5279572,20.19190482
-104.7123664,32.24175902,36.22869389,20.04402624,1.99E-06,1.10E-06,426,1.28E-12,-2.590327314,568.7700522,25.10154176
-104.7123841,32.24175321,44.4662521,29.95982071,2.44E-06,1.64E-06,902,2.71E-12,-2.005637491,1043.44321,13.55542961
-104.7123605,32.2417531,57.71364967,28.70521911,3.16E-06,1.57E-06,821,2.47E-12,-0.058379074,1297.592977,36.72900405
-104.7123759,32.24175118,41.04039835,28.87695414,2.25E-06,1.58E-06,712,2.14E-12,-0.221094242,928.2437462,23.29600895
-104.7123716,32.24175036,36.45739043,21.11614913,2.00E-06,1.16E-06,473,1.42E-12,-0.542650672,602.975104,21.55563358
-104.7123733,32.24174093,315.6299171,174.3789833,1.73E-05,9.56E-06,36092,1.08E-10,-1.979451078,43109.34098,16.2780057
-104.7124107,32.24173671,37.47094969,32.01008414,2.05E-06,1.75E-06,764,2.29E-12,-0.391027598,939.4649832,18.67711797
-104.7123609,32.24173397,158.2197713,61.87386411,8.67E-06,3.39E-06,3567,1.07E-11,-0.272709388,7667.734606,53.48039306
-104.7124122,32.24173534,53.51598239,23.09148648,2.93E-06,1.27E-06,676,2.03E-12,-0.054461528,967.9088803,30.15871496
-104.7123933,32.24173288,64.08402021,25.62943639,3.51E-06,1.40E-06,1053,3.16E-12,-2.773822342,1286.435114,18.14589103
-104.7123512,32.24172345,43.90372666,26.45666998,2.41E-06,1.45E-06,732,2.20E-12,-0.309518196,909.7784537,19.54085118
-104.7123852,32.24171513,45.27586368,30.50103181,2.48E-06,1.67E-06,678,2.04E-12,-2.681007969,1081.634064,37.31706291
-104.7123886,32.24171069,48.40704876,26.58745293,2.65E-06,1.46E-06,795,2.39E-12,-2.03029892,1008.055448,21.13529056
-104.7123992,32.24170926,88.88902266,50.85527458,4.87E-06,2.79E-06,2122,6.37E-12,-2.351062206,3540.651776,40.0675318
-104.7123623,32.2417086,32.80531694,25.07122055,1.80E-06,1.37E-06,578,1.74E-12,-2.073194185,644.1971464,10.27591425
-104.7123547,32.24170778,48.20865428,31.06123642,2.64E-06,1.70E-06,789,2.37E-12,-1.759358149,1172.850964,32.7280256
-104.7123639,32.2417074,47.04578644,23.10814606,2.58E-06,1.27E-06,735,2.21E-12,-2.822078433,851.500521,13.68179092
-104.7123947,32.24170597,43.55908695,26.06515167,2.39E-06,1.43E-06,661,1.98E-12,-1.474325331,889.2791408,25.67013329
-104.7124376,32.24168745,35.34979023,31.47174991,1.94E-06,1.72E-06,684,2.05E-12,-1.904306901,871.3784472,21.50368164
-104.7124398,32.24168313,82.73143439,38.67367382,4.53E-06,2.12E-06,1191,3.58E-12,-2.724531499,2506.023074,52.47449985
-104.7124474,32.24167962,55.2733772,38.11368856,3.03E-06,2.09E-06,890,2.67E-12,-1.058508983,1650.046043,46.06211119
-104.7124403,32.24167792,54.88403687,34.03456291,3.01E-06,1.86E-06,969,2.91E-12,-2.925198932,1463.070677,33.76943334
-104.7123885,32.24167534,52.51489213,47.16365283,2.88E-06,2.58E-06,1635,4.91E-12,-2.959786697,1939.943104,15.71917772
-104.7123881,32.24167063,33.44480124,25.37071316,1.83E-06,1.39E-06,501,1.50E-12,-1.217080517,664.6000595,24.61631731
-104.7124146,32.24166877,98.72197808,35.46951814,5.41E-06,1.94E-06,1714,5.15E-12,-0.116232033,2742.636292,37.50538469
-104.7123878,32.24166811,44.20955737,27.01414185,2.42E-06,1.48E-06,522,1.57E-12,-0.530984287,935.4195105,44.19616074
-104.7123992,32.24166636,49.9043793,34.22792126,2.73E-06,1.88E-06,1057,3.17E-12,-3.021105654,1337.883396,20.9946096
,,,,,,,,,,
-104.7122411,32.24193962,45.12036801,24.51090957,2.47E-06,1.34E-06,631,1.89E-12,-3.081025307,866.2258547,27.15525673
-104.7122458,32.241936,33.2247311,26.4921364,1.82E-06,1.45E-06,549,1.65E-12,-0.549805353,689.4099362,20.36668298
-104.7122494,32.24193304,92.66522349,36.69720042,5.08E-06,2.01E-06,2130,6.40E-12,-2.428764909,2663.476029,20.02931596
-104.7122552,32.24193085,38.8336096,20.59067459,2.13E-06,1.13E-06,460,1.38E-12,-1.750133221,626.2927966,26.55192547
-104.712257,32.24192663,52.04132023,39.89279784,2.85E-06,2.19E-06,1308,3.93E-12,-0.362713257,1626.079906,19.56114854
-104.7122417,32.24189414,82.23443905,43.68164951,4.51E-06,2.39E-06,2080,6.25E-12,-2.864310281,2813.531912,26.07156894
-104.7122824,32.24189063,94.12666497,80.63925648,5.16E-06,4.42E-06,4445,1.33E-11,-0.380114154,5945.087725,25.23239008
-104.7122988,32.24189008,44.523822,26.98682568,2.44E-06,1.48E-06,741,2.22E-12,-2.510219272,941.1163595,21.26372127
-104.7122559,32.24188614,124.3230328,104.4153961,6.81E-06,5.72E-06,7186,2.16E-11,-2.039052869,10167.52427,29.32399462
-104.7122654,32.24188367,145.0980079,103.1832038,7.95E-06,5.65E-06,7155,2.15E-11,-0.139236588,11726.53056,38.98451071
-104.7123,32.24188296,78.04546939,46.29150338,4.28E-06,2.54E-06,2460,7.39E-12,-1.903935,2829.749967,13.06652431
-104.712295,32.24188104,57.99469165,26.40841886,3.18E-06,1.45E-06,771,2.31E-12,-1.455178525,1199.581404,35.72757986
-104.7122942,32.24187622,99.79385285,47.21496881,5.47E-06,2.59E-06,2886,8.67E-12,-0.495605022,3690.477643,21.79874045
-104.7122443,32.24193496,44.97786974,23.89460058,2.46E-06,1.31E-06,566,1.70E-12,-0.383890954,841.778325,32.76139535
-104.7122423,32.24192882,38.01187074,24.22508139,2.08E-06,1.33E-06,334,1.00E-12,-1.361015666,721.2462531,53.69126723
-104.7122445,32.24192784,40.17021218,33.79533406,2.20E-06,1.85E-06,393,1.18E-12,-0.318517978,1063.310128,63.03994578
-104.7122434,32.24192488,43.1928016,23.79860103,2.37E-06,1.30E-06,587,1.76E-12,-3.118159571,805.1223525,27.0918267
-104.712288,32.24187797,58.35696331,23.69346909,3.20E-06,1.30E-06,685,2.06E-12,-2.471099877,1082.979956,36.74859852
,,,,,,,,,,
-104.7122772,32.241856,95.84173054,46.45984615,5.25E-06,2.55E-06,2215,6.65E-12,-0.179004341,3487.638759,36.48998211
-104.7122811,32.24183655,69.1266519,35.14996515,3.79E-06,1.93E-06,1241,3.73E-12,-0.089923924,1903.13459,34.79178999
-104.7122723,32.24183173,85.30690275,55.57383133,4.67E-06,3.05E-06,3089,9.27E-12,-0.163175816,3713.244908,16.8113045
-104.7123093,32.24182877,116.9548411,29.66510896,6.41E-06,1.63E-06,1605,4.82E-12,-2.057241344,2717.460451,40.9375029
-104.7122412,32.24182932,52.62112436,29.3844353,2.88E-06,1.61E-06,752,2.26E-12,-2.071500059,1211.090378,37.90719391
-104.7122461,32.2418263,38.50991234,23.24500025,2.11E-06,1.27E-06,539,1.62E-12,-0.032989999,701.1342241,23.12456282
-104.7122484,32.24182482,53.90269506,40.61394224,2.95E-06,2.23E-06,1280,3.84E-12,-3.023172081,1714.686418,25.35078214
-104.7122667,32.24182351,41.77368731,32.8819047,2.29E-06,1.80E-06,827,2.48E-12,-2.586829871,1075.867675,23.13181081
-104.7122582,32.24182367,42.71461128,28.77867205,2.34E-06,1.58E-06,830,2.49E-12,-0.12470159,962.8226314,13.79512976
-104.7122626,32.24182143,35.11127577,27.24973879,1.92E-06,1.49E-06,634,1.90E-12,-1.481998535,749.3902438,15.39788444
-104.7122572,32.24182099,57.4251469,37.95116006,3.15E-06,2.08E-06,1075,3.23E-12,-0.360106931,1706.971428,37.02296462
-104.7122484,32.24181485,121.6722877,63.28892536,6.67E-06,3.47E-06,5090,1.53E-11,-3.017474443,6031.404791,15.60838351
-104.7122612,32.2418148,47.77201942,27.23172611,2.62E-06,1.49E-06,783,2.35E-12,-1.633975259,1018.938218,23.15530163
-104.7122566,32.24181408,24.09036179,21.75508198,1.32E-06,1.19E-06,329,9.88E-13,-2.989431628,410.4905162,19.85198513
-104.7122509,32.24180937,106.6559356,94.52960826,5.84E-06,5.18E-06,4737,1.42E-11,-2.318109701,7896.815098,40.01379112
-104.7122541,32.24180625,60.00253107,21.60050414,3.29E-06,1.18E-06,498,1.50E-12,-2.76867265,1015.155424,50.94347246
-104.7123135,32.2418051,52.11554734,27.88052997,2.86E-06,1.53E-06,988,2.97E-12,-2.966163294,1138.065896,13.18604632
-104.7123175,32.24180422,36.74388373,27.98035045,2.01E-06,1.53E-06,637,1.91E-12,-2.91807645,805.2621555,20.89532636
-104.7123126,32.24180192,65.11996573,38.23212379,3.57E-06,2.09E-06,1665,5.00E-12,-1.24229841,1950.031686,14.61677203
-104.712267,32.24178997,417.7212983,200.0450167,2.29E-05,1.10E-05,40536,1.22E-10,-2.32899398,65450.5707,38.06623905
-104.7123163,32.2417988,86.42694003,52.94420916,4.74E-06,2.90E-06,2400,7.21E-12,-1.066709931,3583.98913,33.03551118
-104.7122722,32.24177315,53.6662678,21.95143766,2.94E-06,1.20E-06,792,2.38E-12,-2.42358607,922.70621,14.16552837
-104.7122454,32.24177008,76.33005456,41.34792039,4.18E-06,2.27E-06,1675,5.03E-12,-3.109076944,2471.999198,32.24107835
-104.7123078,32.24185803,45.33682413,22.9591106,2.48E-06,1.26E-06,576,1.73E-12,-1.18699496,815.2770847,29.34917333
-104.7123219,32.24185277,30.76779789,20.21625728,1.69E-06,1.11E-06,281,8.44E-13,-2.661600943,487.1876284,42.32201649
-104.7123406,32.24184789,70.50527556,57.01974894,3.86E-06,3.12E-06,2187,6.57E-12,-0.084616763,3148.806668,30.54511658
-104.7123153,32.2418417,36.12617591,24.48288872,1.98E-06,1.34E-06,488,1.47E-12,-2.971084088,692.7614814,29.55728441
-104.7122412,32.24183617,60.65356435,29.00033099,3.32E-06,1.59E-06,1128,3.39E-12,-0.689491576,1377.711754,18.12510877
-104.7122833,32.24183365,104.0142807,72.58577365,5.70E-06,3.98E-06,2839,8.52E-12,-0.888182599,5913.485844,51.99109164
-104.7122827,32.2418286,60.34864783,38.42727997,3.31E-06,2.11E-06,1314,3.95E-12,-1.644365317,1816.378153,27.6582358
-104.7123391,32.24182302,93.10913721,41.98413726,5.10E-06,2.30E-06,1838,5.52E-12,-2.26639437,3061.798577,39.96992441
-104.7122641,32.24181573,59.67004854,27.05164486,3.27E-06,1.48E-06,915,2.75E-12,-2.164518764,1264.297123,27.62777173
-104.7123121,32.24181255,61.91294029,49.58644776,3.39E-06,2.72E-06,1596,4.79E-12,-1.480009502,2404.603686,33.62731624
-104.7122475,32.24180756,31.00599895,23.5075862,1.70E-06,1.29E-06,452,1.36E-12,-2.94917752,570.89054,20.82545281
-104.7122474,32.24180362,104.3322812,51.03999779,5.72E-06,2.80E-06,2361,7.09E-12,-1.698368846,4170.887073,43.39333675
-104.7122702,32.24179737,284.1632847,119.0731348,1.56E-05,6.52E-06,13097,3.93E-11,-2.192347858,26502.13322,50.58133663
-104.7123182,32.24180241,67.81764364,33.21088826,3.72E-06,1.82E-06,942,2.83E-12,-0.649505125,1764.096217,46.60155206
-104.7123192,32.24180055,53.84025239,22.32662815,2.95E-06,1.22E-06,635,1.91E-12,-1.943520465,941.5194748,32.55582949
,,,,,,,,,,
-104.7122746,32.24175447,42.79953846,21.63148164,2.35E-06,1.19E-06,599,1.80E-12,-1.225559184,725.1442946,17.39575083
-104.7122752,32.24175195,29.53464774,21.99825632,1.62E-06,1.21E-06,453,1.36E-12,-2.337826252,508.8843966,10.98174693
-104.7123076,32.24173743,33.15879871,24.43657921,1.82E-06,1.34E-06,474,1.42E-12,-0.01739488,634.6558393,25.31385191
-104.7123068,32.24173606,43.84925605,21.49832017,2.40E-06,1.18E-06,566,1.70E-12,-0.285777849,738.356049,23.34321623
-104.712277,32.24173447,156.2799394,52.24164164,8.56E-06,2.86E-06,4709,1.41E-11,-0.027089914,6394.684631,26.36071562
-104.7122821,32.24173387,42.54744953,31.54135329,2.33E-06,1.73E-06,954,2.86E-12,-2.171185703,1051.12154,9.239801171
-104.7123468,32.24173288,43.74098552,28.15297472,2.40E-06,1.54E-06,839,2.52E-12,-1.101936305,964.5215501,13.01386683
-104.7122806,32.24173239,40.71819205,25.56681506,2.23E-06,1.40E-06,691,2.07E-12,-1.571772179,815.3877784,15.25504572
-104.7123396,32.24172499,88.13659775,41.65165828,4.83E-06,2.28E-06,2576,7.73E-12,-0.03504472,2875.329763,10.41027596
-104.7123445,32.24172367,37.78287859,23.78469614,2.07E-06,1.30E-06,411,1.23E-12,-0.344958589,703.868827,41.60843836
-104.7123326,32.24171973,52.31526047,29.28362163,2.87E-06,1.60E-06,1075,3.23E-12,-0.745827187,1199.919911,10.41068742
-104.7123308,32.24171962,32.99894544,21.52485729,1.81E-06,1.18E-06,463,1.39E-12,-0.446788555,556.3388945,16.77734479
-104.7123409,32.2417143,41.88474181,34.01568064,2.30E-06,1.86E-06,843,2.53E-12,-0.246495868,1115.922642,24.45712917
-104.7122904,32.24175058,492.1996775,195.2235206,2.70E-05,1.07E-05,63736,1.91E-10,-2.549856555,75261.44399,15.31387571
-104.7123013,32.24174439,70.09838022,28.08881171,3.84E-06,1.54E-06,1212,3.64E-12,-3.00072078,1542.199049,21.41092286
-104.7122789,32.24173923,204.2864869,88.32732211,1.12E-05,4.84E-06,11694,3.51E-11,-2.471229375,14132.98132,17.25737313
-104.7122873,32.24173167,91.0054783,41.1901606,4.99E-06,2.26E-06,1711,5.14E-12,-0.010844772,2936.027392,41.72397695
-104.7123052,32.2417257,38.47587439,24.25836134,2.11E-06,1.33E-06,605,1.82E-12,-2.722743839,731.0532975,17.24269598
-104.7123402,32.24172214,74.27760302,36.08145833,4.07E-06,1.98E-06,1326,3.98E-12,-2.862687799,2099.138259,36.83122136
-104.7123271,32.24171765,146.0382016,85.3261278,8.00E-06,4.68E-06,5835,1.75E-11,-2.757813151,9759.950042,40.21485791
-104.7123021,32.24171726,47.05533308,24.76836849,2.58E-06,1.36E-06,774,2.32E-12,-2.263626969,912.8624299,15.21175868
,,,,,,,,,,
-104.7121674,32.24185951,78.26469537,35.79324474,4.29E-06,1.96E-06,1538,4.62E-12,-2.532681301,2194.148668,29.90447627
-104.7121415,32.24185869,47.69768898,20.03855222,2.61E-06,1.10E-06,607,1.82E-12,-2.231822408,748.6222992,18.91772385
-104.7121408,32.24185792,78.39418192,22.3267423,4.30E-06,1.22E-06,769,2.31E-12,-2.462798542,1370.907882,43.90578608
-104.7121444,32.24182466,39.97266544,26.70563943,2.19E-06,1.46E-06,435,1.31E-12,-0.256831831,836.1133754,47.97356282
-104.7121476,32.24181277,56.06823217,24.90567491,3.07E-06,1.36E-06,938,2.82E-12,-2.965369043,1093.740413,14.2392483
-104.7121678,32.24181003,31.76451381,21.25368761,1.74E-06,1.16E-06,427,1.28E-12,-2.52838382,528.7806892,19.24818574
-104.7121569,32.2418097,41.08409805,23.44911362,2.25E-06,1.28E-06,651,1.95E-12,-2.136352106,754.569539,13.72564537
-104.7121748,32.24180493,172.5107348,41.46456818,9.45E-06,2.27E-06,4623,1.39E-11,-1.580078102,5602.635299,17.48525911
-104.7122009,32.24180554,72.10300474,65.28692921,3.95E-06,3.58E-06,2906,8.73E-12,-0.19202368,3687.047109,21.18354027
-104.7121847,32.24180378,222.4405962,84.82017661,1.22E-05,4.65E-06,12267,3.68E-11,-0.513564636,14777.88573,16.99083196
-104.7121716,32.24180619,52.46673904,32.39027594,2.87E-06,1.77E-06,1168,3.51E-12,-0.647134085,1331.060518,12.25042106
-104.7122049,32.24180526,36.34500641,25.81646639,1.99E-06,1.41E-06,619,1.86E-12,-2.5309412,734.9209526,15.77325455
-104.7122087,32.24179704,226.3362717,124.4817075,1.24E-05,6.82E-06,18577,5.58E-11,-3.111860353,22067.78662,15.81847187
-104.7121831,32.24179863,42.50246191,30.52823048,2.33E-06,1.67E-06,602,1.81E-12,-2.672177495,1016.283325,40.7645501
-104.7122174,32.24179529,51.98206289,32.19284766,2.85E-06,1.76E-06,987,2.96E-12,-1.772066686,1310.726217,24.69823312
-104.7122215,32.24179337,55.69873888,34.96493627,3.05E-06,1.92E-06,1355,4.07E-12,-2.963276424,1525.376967,11.16949913
-104.7122023,32.24178559,43.90570571,29.20707379,2.41E-06,1.60E-06,747,2.24E-12,-1.93545987,1004.403208,25.62747772
-104.7122359,32.24178236,42.0758019,24.74775256,2.31E-06,1.36E-06,717,2.15E-12,-2.866604886,815.5812787,12.08724149
-104.7122286,32.24177463,26.35849619,21.62481128,1.44E-06,1.18E-06,403,1.21E-12,-2.747773431,446.4491871,9.732168486
-104.7122318,32.24176696,31.18630088,24.31198065,1.71E-06,1.33E-06,465,1.40E-12,-3.139114195,593.8589243,21.69857504
-104.7121814,32.24186225,68.96743664,20.29054043,3.78E-06,1.11E-06,772,2.32E-12,-2.210128936,1096.066187,29.56629727
-104.712143,32.24185578,29.23809194,23.73496418,1.60E-06,1.30E-06,348,1.04E-12,-1.293353084,543.5464822,35.97603675
-104.712149,32.24185518,48.15958277,36.70552861,2.64E-06,2.01E-06,874,2.62E-12,-1.771909925,1384.56478,36.87547069
-104.7121783,32.24181699,55.25661409,29.0172865,3.03E-06,1.59E-06,920,2.76E-12,-2.520632188,1255.856878,26.74324472
-104.7121786,32.24181376,57.99970069,32.73652765,3.18E-06,1.79E-06,1162,3.49E-12,-0.907787508,1487.159144,21.86444843
,,,,,,,,,,
-104.7120335,32.24213507,111.6353695,55.66552829,6.12E-06,3.05E-06,3843,1.15E-11,-2.943657487,4867.290086,21.04436078
-104.7120477,32.24213452,80.34541584,49.72764933,4.40E-06,2.72E-06,2281,6.85E-12,-2.527681885,3129.378644,27.1101308
-104.7120605,32.24213321,75.21013811,35.79349847,4.12E-06,1.96E-06,1583,4.75E-12,-2.676988207,2108.529182,24.92397006
-104.7120491,32.24213069,55.49663547,46.41746659,3.04E-06,2.54E-06,1616,4.85E-12,-2.708503917,2017.656214,19.90706896
-104.7120525,32.24213085,35.55156908,21.43890474,1.95E-06,1.17E-06,516,1.55E-12,-0.231722361,596.9809173,13.56507637
-104.7120627,32.24212921,79.16271758,35.46756085,4.34E-06,1.94E-06,1322,3.97E-12,-2.633280567,2199.130989,39.88534532
-104.7120571,32.24212893,151.1788325,64.52274784,8.28E-06,3.54E-06,4984,1.50E-11,-3.011511468,7640.168255,34.76583455
-104.7120249,32.24212691,139.2978523,38.77825603,7.63E-06,2.12E-06,2679,8.04E-12,-0.862189768,4230.890403,36.67999534
-104.71206,32.24212532,228.7702418,51.03918269,1.25E-05,2.80E-06,7075,2.12E-11,-0.256226598,9145.391967,22.63863566
-104.7120618,32.24212713,30.75514317,24.78385983,1.69E-06,1.36E-06,535,1.61E-12,-0.486342734,597.0157364,10.38762174
-104.7120722,32.24211551,56.79837546,27.7505587,3.11E-06,1.52E-06,1035,3.11E-12,-2.216665083,1234.544437,16.16340659
-104.7120656,32.24211217,89.12443181,57.08969325,4.88E-06,3.13E-06,2329,6.99E-12,-2.947879696,3985.231596,41.55923078
-104.7120744,32.24211058,37.78312758,20.63491507,2.07E-06,1.13E-06,438,1.32E-12,-2.950403819,610.6602789,28.27435889
-104.7120651,32.24210422,272.2888869,140.3251564,1.49E-05,7.69E-06,24134,7.25E-11,-0.385112017,29927.09297,19.35735281
-104.7120748,32.24210778,37.23133577,30.99022647,2.04E-06,1.70E-06,496,1.49E-12,-2.810986532,903.7169943,45.11556128
-104.7120333,32.24210745,44.00038803,34.23087323,2.41E-06,1.88E-06,965,2.90E-12,-0.306279506,1179.705396,18.19991642
-104.7120299,32.24210598,35.75187006,28.3098923,1.96E-06,1.55E-06,622,1.87E-12,-0.216693541,792.749655,21.53891256
-104.7120394,32.24210274,77.48966409,26.04463904,4.25E-06,1.43E-06,1171,3.52E-12,-0.606109793,1580.742764,25.9209008
-104.7120291,32.24210115,106.9464909,50.17492948,5.86E-06,2.75E-06,2561,7.69E-12,-2.085411774,4202.93227,39.06635093
-104.7120581,32.24212165,57.00778699,46.33441227,3.12E-06,2.54E-06,1529,4.59E-12,-0.291483496,2068.887722,26.09555444
-104.712072,32.24211244,34.13401528,26.19973958,1.87E-06,1.44E-06,534,1.60E-12,-2.688321772,700.4601527,23.76440002
-104.7120684,32.24211063,41.37891789,22.75318805,2.27E-06,1.25E-06,549,1.65E-12,-1.355270133,737.4294313,25.5521984
,,,,,,,,,,
-104.7120782,32.24208285,116.1148131,85.98152156,6.36E-06,4.71E-06,5990,1.80E-11,-2.963182648,7819.731391,23.39890335
-104.7120272,32.24206011,69.2119232,39.54310742,3.79E-06,2.17E-06,1780,5.34E-12,-0.743308156,2143.634771,16.96346673
-104.7120576,32.24205315,56.49798655,23.96988521,3.10E-06,1.31E-06,830,2.49E-12,-0.007332636,1060.713281,21.75076762
-104.7120321,32.24205266,42.39227337,26.62269576,2.32E-06,1.46E-06,629,1.89E-12,-2.81104164,883.9705929,28.84378677
-104.7120369,32.24205074,95.38296551,69.07701892,5.23E-06,3.79E-06,4286,1.29E-11,-0.274589829,5160.639106,16.94827109
-104.7120376,32.24204488,50.65277327,43.24887394,2.78E-06,2.37E-06,1463,4.39E-12,-0.009790363,1715.841288,14.73570368
-104.7120419,32.24204121,63.7854979,32.31904067,3.50E-06,1.77E-06,1292,3.88E-12,-1.941272722,1614.654073,19.98286061
-104.7120516,32.24203967,153.9519349,67.56834485,8.44E-06,3.70E-06,6363,1.91E-11,-2.755318556,8147.55899,21.9029895
-104.7120733,32.24203967,73.40675521,28.01281434,4.02E-06,1.53E-06,882,2.65E-12,-2.215555065,1610.615416,45.23832374
-104.7120433,32.24203907,31.43108864,24.96406128,1.72E-06,1.37E-06,497,1.49E-12,-1.306721521,614.5733795,19.13089362
-104.7121019,32.24203798,55.71627744,40.50347313,3.05E-06,2.22E-06,1162,3.49E-12,-3.058880133,1767.557044,34.25954745
-104.7121178,32.24203677,65.90433535,54.46859194,3.61E-06,2.98E-06,2294,6.89E-12,-0.224047702,2811.63677,18.4105136
-104.7120527,32.24203529,30.08525353,22.12260942,1.65E-06,1.21E-06,409,1.23E-12,-0.658146966,521.3016612,21.54254811
-104.7120667,32.24202998,30.96674787,23.27797728,1.70E-06,1.28E-06,506,1.52E-12,-2.777482756,564.5987591,10.37883243
-104.7120706,32.24202937,41.09525042,34.61121286,2.25E-06,1.90E-06,754,2.26E-12,-1.640320841,1114.057305,32.31946001
-104.7120619,32.24202904,71.45914876,35.4614322,3.92E-06,1.94E-06,1571,4.72E-12,-0.099215575,1984.783731,20.84779943
-104.7120594,32.24202707,37.5503814,34.27302458,2.06E-06,1.88E-06,786,2.36E-12,-0.087568717,1008.012381,22.02476724
-104.7120665,32.24202587,50.55945211,31.25234979,2.77E-06,1.71E-06,1053,3.16E-12,-2.358541554,1237.610875,14.91671403
-104.7120677,32.2420234,40.87270072,28.9135022,2.24E-06,1.58E-06,835,2.51E-12,-2.98846974,925.6208231,9.790274902
-104.7121202,32.24201836,107.174056,50.79323539,5.87E-06,2.78E-06,3982,1.20E-11,-2.636450813,4263.7784,6.608654902
-104.7120684,32.24201781,59.48247765,24.39222522,3.26E-06,1.34E-06,736,2.21E-12,-1.390266777,1136.421791,35.23531441
-104.7120719,32.24201633,58.65416879,37.85705754,3.21E-06,2.07E-06,1051,3.16E-12,-0.478090148,1739.181156,39.56926243
-104.7120995,32.24200795,31.54274313,20.50248815,1.73E-06,1.12E-06,418,1.26E-12,-0.089539196,506.5299276,17.47772891
-104.7120445,32.24200351,34.98378166,28.01912316,1.92E-06,1.54E-06,581,1.74E-12,-2.350976055,767.7509725,24.32442019
-104.7120893,32.24200318,47.38169322,36.06041893,2.60E-06,1.98E-06,843,2.53E-12,-0.747113499,1338.259779,37.00774594
-104.7120572,32.2419971,329.7054492,198.1421957,1.81E-05,1.09E-05,45663,1.37E-10,-2.518725844,51168.44012,10.75944489
-104.7120875,32.24199726,45.73168371,29.41356805,2.51E-06,1.61E-06,913,2.74E-12,-3.125062884,1053.571424,13.34237252
-104.7120504,32.2419914,44.14299886,21.60994537,2.42E-06,1.18E-06,502,1.51E-12,-0.9283455,747.1616699,32.81239921
-104.7120433,32.24198806,69.32103114,24.50068446,3.80E-06,1.34E-06,1082,3.25E-12,-3.118945084,1330.277705,18.66359967
-104.7121257,32.24198773,25.61568408,20.22526903,1.40E-06,1.11E-06,356,1.07E-12,-2.613885227,405.7881373,12.26949058
-104.7120466,32.24198581,52.69998892,29.6228506,2.89E-06,1.62E-06,1052,3.16E-12,-1.380169501,1222.746571,13.96418317
-104.7120706,32.2420634,42.06307762,26.15585002,2.30E-06,1.43E-06,736,2.21E-12,-0.357085857,861.7255406,14.58997496
-104.7121121,32.24205819,49.0484463,37.23568495,2.69E-06,2.04E-06,956,2.87E-12,-0.867876826,1430.486235,33.16957715
-104.712099,32.24204417,68.48518757,48.37790708,3.75E-06,2.65E-06,1469,4.41E-12,-1.0694682,2595.032534,43.39184651
-104.7120452,32.24204099,67.17570495,33.00735548,3.68E-06,1.81E-06,1354,4.07E-12,-2.465333202,1736.688964,22.03554992
-104.7120868,32.24203135,98.57376498,25.06037784,5.40E-06,1.37E-06,1305,3.92E-12,-0.095201696,1934.853291,32.5530258
-104.7120632,32.24202066,60.57062142,28.83957872,3.32E-06,1.58E-06,927,2.78E-12,-0.227946783,1368.201376,32.24681567
-104.7120758,32.24201507,80.06231854,31.41735772,4.39E-06,1.72E-06,1397,4.19E-12,-2.410280222,1970.139149,29.09130299
-104.7120466,32.24200247,75.64865827,28.31323068,4.15E-06,1.55E-06,1404,4.22E-12,-1.660708897,1677.605102,16.3092674
-104.712063,32.24200258,62.15232925,39.04687822,3.41E-06,2.14E-06,905,2.72E-12,-2.570884338,1900.827946,52.389168
-104.7120643,32.24199907,69.90338758,47.58138405,3.83E-06,2.61E-06,1704,5.12E-12,-2.06256894,2605.159839,34.59134545
-104.7120999,32.24199978,47.33898721,26.01108933,2.59E-06,1.43E-06,654,1.96E-12,-2.40483398,964.443042,32.18884148
-104.7120663,32.24199398,45.62709678,23.36659015,2.50E-06,1.28E-06,661,1.98E-12,-3.025666566,835.0591869,20.84393413
-104.7121241,32.24198943,25.91970097,22.33692462,1.42E-06,1.22E-06,352,1.06E-12,-2.46246517,453.4740575,22.37703697
-104.712052,32.24198625,33.90734641,22.36976923,1.86E-06,1.23E-06,482,1.45E-12,-2.4301098,594.0929359,18.8679126
,,,,,,,,,,
-104.7120771,32.24197293,83.19205813,58.71739981,4.56E-06,3.22E-06,2184,6.56E-12,-0.068993911,3826.024664,42.91725246
-104.7120732,32.24196647,65.62924553,31.10050806,3.60E-06,1.70E-06,1245,3.74E-12,-2.154758967,1598.688963,22.12368831
-104.7120769,32.24196647,41.82524762,33.27920096,2.29E-06,1.82E-06,905,2.72E-12,-0.825141011,1090.210831,16.98853339
-104.7120753,32.24196461,56.75368835,34.72220552,3.11E-06,1.90E-06,1120,3.36E-12,-1.071334712,1543.478114,27.43661281
-104.7120434,32.24195847,47.02009072,40.07136438,2.58E-06,2.20E-06,1285,3.86E-12,-1.335020447,1475.763191,12.92640936
-104.7120459,32.24195743,63.24754735,54.12821894,3.47E-06,2.97E-06,2116,6.35E-12,-0.939744734,2681.430267,21.0868906
-104.7120693,32.2419514,56.3730704,44.73207953,3.09E-06,2.45E-06,1329,3.99E-12,-0.861871183,1975.103503,32.71238708
-104.7120718,32.24195211,37.05294212,23.08925851,2.03E-06,1.27E-06,553,1.66E-12,-1.057330726,670.0878839,17.47351157
-104.7121043,32.24195069,62.80123733,32.20169346,3.44E-06,1.76E-06,1146,3.44E-12,-1.761385153,1583.966504,27.64998519
-104.7120742,32.24194882,131.4861736,55.09634599,7.20E-06,3.02E-06,4146,1.24E-11,-2.790284168,5674.165065,26.93198114
-104.7120942,32.2419485,56.49002896,43.73729301,3.10E-06,2.40E-06,1465,4.40E-12,-0.800047652,1935.186292,24.296694
-104.7120297,32.24194806,47.39203103,29.00434331,2.60E-06,1.59E-06,509,1.53E-12,-1.436341241,1076.632386,52.7229529
-104.7121023,32.24194784,43.01857989,34.19056757,2.36E-06,1.87E-06,968,2.91E-12,-2.008915471,1152.023826,15.97396005
-104.7120983,32.24194581,36.92205542,21.76385382,2.02E-06,1.19E-06,425,1.28E-12,-1.656904935,629.3913231,32.47444247
-104.7120467,32.24194389,27.03919562,21.61799277,1.48E-06,1.18E-06,260,7.81E-13,-2.546508089,457.8341845,43.21088098
-104.7120475,32.24194104,33.86585188,20.42786617,1.86E-06,1.12E-06,316,9.49E-13,-2.744043543,541.8562535,41.68195015
-104.712035,32.24193266,45.70921024,20.27972683,2.50E-06,1.11E-06,609,1.83E-12,-2.863791858,726.0472747,16.12116439
-104.7120484,32.24192011,30.44580019,25.90822696,1.67E-06,1.42E-06,553,1.66E-12,-0.313383316,617.8231353,10.49218321
-104.7120512,32.24191836,49.73181517,29.43232724,2.73E-06,1.61E-06,698,2.10E-12,-1.950647772,1146.457595,39.11680615
-104.7120313,32.24191808,70.12846325,24.60189144,3.84E-06,1.35E-06,881,2.65E-12,-2.645238542,1351.331502,34.80504239
-104.7120382,32.2419143,174.3633305,91.3765507,9.55E-06,5.01E-06,7246,2.18E-11,-2.408355118,12479.26472,41.93568161
-104.7120261,32.2419171,48.21125835,29.15718417,2.64E-06,1.60E-06,896,2.69E-12,-0.164663217,1101.014728,18.62052548
-104.7120774,32.24191485,58.38357839,24.08560957,3.20E-06,1.32E-06,891,2.68E-12,-0.357068929,1101.405988,19.10339966
-104.7120317,32.24191222,94.81365084,39.94645492,5.20E-06,2.19E-06,2387,7.17E-12,-2.145316924,2966.526242,19.53551712
-104.712027,32.24191228,75.74711942,42.63808558,4.15E-06,2.34E-06,2177,6.54E-12,-2.771652509,2529.664347,13.94115183
-104.7120356,32.24190959,54.8865386,28.32761632,3.01E-06,1.55E-06,953,2.86E-12,-2.484495794,1217.797157,21.74394607
-104.7120382,32.24190992,47.17341508,21.42392203,2.58E-06,1.17E-06,585,1.76E-12,-2.953151965,791.5810303,26.09726893
-104.7120698,32.24190614,133.1509459,129.1837717,7.30E-06,7.08E-06,9604,2.88E-11,-2.19521738,13472.59633,28.71455685
-104.7120939,32.24190904,50.23212665,23.42833226,2.75E-06,1.28E-06,819,2.46E-12,-3.009132544,921.7688357,11.14908985
-104.7120445,32.2419074,144.9231113,51.71708825,7.94E-06,2.83E-06,4110,1.23E-11,-2.973615016,5870.441924,29.98823507
-104.712089,32.24190795,22.68769223,20.98891268,1.24E-06,1.15E-06,331,9.94E-13,-2.515581762,372.974675,11.25402818
-104.7120353,32.24190526,59.93475905,42.64539483,3.28E-06,2.34E-06,1837,5.52E-12,-2.971369302,2001.935056,8.23878156
-104.7120819,32.241904,64.20570784,24.42124085,3.52E-06,1.34E-06,959,2.88E-12,-2.484834658,1228.118989,21.9131038
-104.7120873,32.24189978,54.84836985,30.51533354,3.01E-06,1.67E-06,986,2.96E-12,-1.792442272,1310.934301,24.78646722
-104.7120892,32.24190006,40.30611215,23.2698411,2.21E-06,1.28E-06,606,1.82E-12,-2.474632592,734.6211166,17.50849706
-104.7120353,32.24194291,72.26975176,54.15742738,3.96E-06,2.97E-06,1751,5.26E-12,-3.061809272,3065.587173,42.88206791
-104.7120307,32.24194044,119.0603394,86.04893941,6.52E-06,4.72E-06,4992,1.50E-11,-2.715555171,8024.384301,37.78961958
-104.7120372,32.24194061,77.06320308,33.72116055,4.22E-06,1.85E-06,1023,3.07E-12,-1.053575281,2035.394752,49.73947934
-104.712029,32.24193348,181.5484125,92.85819033,9.95E-06,5.09E-06,11996,3.60E-11,-2.787677775,13204.18963,9.150047522
-104.7120376,32.24192882,73.17638145,31.32290299,4.01E-06,1.72E-06,1149,3.45E-12,-1.016140378,1795.279272,35.99881547
-104.7120399,32.24192893,25.28924767,22.09150299,1.39E-06,1.21E-06,346,1.04E-12,-1.994826257,437.5828123,20.92925265
-104.7120472,32.24191058,74.5540063,72.32388863,4.09E-06,3.96E-06,2316,6.95E-12,-2.608897489,4223.299063,45.16135454
-104.7120736,32.24191167,29.11126399,22.17075393,1.60E-06,1.21E-06,326,9.79E-13,-0.267273017,505.5226346,35.51228418
-104.7120845,32.24190822,44.51411271,22.02130466,2.44E-06,1.21E-06,407,1.22E-12,-0.596154709,767.785397,46.99039581
-104.7120535,32.241908,39.32798189,30.23137341,2.15E-06,1.66E-06,510,1.53E-12,-0.635243821,931.2335627,45.23393266
-104.71208,32.24190132,31.86443771,21.21170038,1.75E-06,1.16E-06,323,9.70E-13,-2.7060401,529.3962059,38.98709579
,,,,,,,,,,
-104.7119224,32.24197014,66.49942228,64.71023345,3.64E-06,3.55E-06,2994,8.99E-12,-1.606310534,3370.465765,11.16954721
-104.7119422,32.24195266,367.4440547,122.1266128,2.01E-05,6.69E-06,24169,7.26E-11,-2.122491471,35148.00004,31.2364858
-104.7119317,32.2419554,185.9804253,142.7938676,1.02E-05,7.82E-06,16853,5.06E-11,-2.23542607,20800.60057,18.97830094
-104.7119166,32.24195661,74.2034973,50.00152362,4.07E-06,2.74E-06,2233,6.70E-12,-2.957354807,2906.074167,23.16094252
-104.7119132,32.24195622,51.38147802,39.58002028,2.82E-06,2.17E-06,1422,4.27E-12,-0.040104132,1592.874965,10.72745625
-104.7119473,32.24194252,127.243906,75.30500822,6.97E-06,4.13E-06,6388,1.92E-11,-0.992063606,7505.15963,14.88522143
-104.7119197,32.2419445,35.61750484,29.50837689,1.95E-06,1.62E-06,545,1.64E-12,-0.503623779,823.2048019,33.79533274
-104.7119378,32.24194115,101.939835,47.94284011,5.59E-06,2.63E-06,2898,8.70E-12,-1.601358995,3827.954484,24.29377068
-104.7119433,32.24193776,127.2376632,97.75616344,6.97E-06,5.36E-06,8703,2.61E-11,-1.637880973,9742.242024,10.66738048
-104.7120085,32.24193781,116.4387326,44.04918244,6.38E-06,2.41E-06,3550,1.07E-11,-2.272309832,4017.30128,11.63221894
-104.711935,32.24193951,70.93254247,37.94488779,3.89E-06,2.08E-06,1895,5.69E-12,-0.815684692,2108.13239,10.11000975
-104.7119371,32.24193524,86.85154644,72.19948361,4.76E-06,3.96E-06,4443,1.33E-11,-0.152462068,4911.461323,9.538125064
-104.7119812,32.24192767,306.7191686,230.955059,1.68E-05,1.27E-05,51116,1.53E-10,-0.46458697,55483.96376,7.872479665
-104.7119661,32.24193036,59.60402756,51.66749007,3.27E-06,2.83E-06,1965,5.90E-12,-1.564099152,2412.081917,18.53510503
-104.7119995,32.24192488,590.7671725,219.8720156,3.24E-05,1.20E-05,82427,2.47E-10,-0.106412764,101738.5148,18.98151833
-104.7119701,32.24193074,33.6387606,29.06172526,1.84E-06,1.59E-06,562,1.69E-12,-0.089254639,765.7031967,26.60341469
-104.7119542,32.24192976,108.2311486,33.33499231,5.93E-06,1.83E-06,2325,6.98E-12,-0.314530518,2825.866937,17.72436382
-104.7119689,32.24192789,60.30726164,43.54270826,3.30E-06,2.39E-06,1708,5.13E-12,-1.769685737,2056.762418,16.95686457
-104.7119498,32.24192767,35.14962932,24.58268179,1.93E-06,1.35E-06,571,1.71E-12,-2.622809356,676.7824529,15.63020029
-104.7119464,32.24192587,64.90031303,43.59668537,3.56E-06,2.39E-06,1946,5.84E-12,-2.908081448,2216.150979,12.19009814
-104.7119703,32.24192471,136.6608376,56.33370486,7.49E-06,3.09E-06,4776,1.43E-11,-2.812043111,6029.918937,20.79495512
-104.7120149,32.2419177,153.5765997,101.017769,8.42E-06,5.54E-06,8928,2.68E-11,-2.006795965,12151.27646,26.52623757
-104.7119855,32.24191474,230.0370807,150.9794435,1.26E-05,8.27E-06,22173,6.66E-11,-2.835512452,27202.87144,18.49022244
-104.7119702,32.24191902,38.54570933,21.72138693,2.11E-06,1.19E-06,587,1.76E-12,-2.505744292,655.786807,10.48920263
-104.7120014,32.24191222,206.0616938,122.0574326,1.13E-05,6.69E-06,15849,4.76E-11,-2.738086943,19699.74376,19.54717691
-104.7120058,32.24190729,80.78507633,45.9559993,4.43E-06,2.52E-06,2513,7.55E-12,-1.031305641,2907.852914,13.57884754
-104.7120098,32.24190417,46.85934163,39.06821947,2.57E-06,2.14E-06,1055,3.17E-12,-2.844151074,1433.900059,26.42443987
-104.711924,32.24195951,31.24426124,25.72637396,1.71E-06,1.41E-06,522,1.57E-12,-2.666254114,629.5756463,17.08700883
-104.7119152,32.24195288,152.6331719,85.3565647,8.36E-06,4.68E-06,8770,2.63E-11,-0.170961086,10204.34043,14.05617972
-104.711923,32.24195085,27.53776494,20.86863132,1.51E-06,1.14E-06,340,1.02E-12,-0.620121225,450.1131866,24.46344384
-104.7119538,32.24194033,48.42431362,43.80830742,2.65E-06,2.40E-06,1406,4.22E-12,-1.648251249,1661.571479,15.38131115
-104.7120122,32.24193562,246.9013999,162.7231871,1.35E-05,8.92E-06,22361,6.71E-11,-0.412644941,31468.21258,28.94099104
-104.7120006,32.24193502,233.2821585,122.6970661,1.28E-05,6.72E-06,14374,4.32E-11,-2.913840327,22418.92502,35.88452618
-104.7119523,32.24193737,51.62127357,35.06164618,2.83E-06,1.92E-06,1155,3.47E-12,-0.202541274,1417.620873,18.52546601
-104.7119933,32.24191699,164.3613081,100.0105324,9.01E-06,5.48E-06,6357,1.91E-11,-1.681216431,12874.91616,50.6249212
-104.7120113,32.24190165,83.22433329,34.13233857,4.56E-06,1.87E-06,1509,4.53E-12,-0.342042237,2224.925384,32.17750084
,,,,,,,,,,
-104.7118104,32.24204724,371.6848817,113.3277453,2.04E-05,6.21E-06,16548,4.97E-11,-2.381673217,32992.12023,49.84256882
-104.7118023,32.24204789,105.4382729,54.9461805,5.78E-06,3.01E-06,4098,1.23E-11,-1.775134121,4537.690524,9.689742419
-104.7118031,32.2420394,97.44778146,46.96853048,5.34E-06,2.57E-06,3161,9.49E-12,-2.579880641,3584.907961,11.82479342
-104.7118017,32.24203798,42.48379774,33.31546693,2.33E-06,1.83E-06,933,2.80E-12,-2.218716375,1108.583265,15.83852748
-104.7118223,32.24202302,60.60747593,35.36394547,3.32E-06,1.94E-06,1167,3.50E-12,-1.124389548,1678.749867,30.48398555
-104.7118197,32.24202258,53.62639373,23.05431275,2.94E-06,1.26E-06,620,1.86E-12,-2.455547896,968.3444195,35.9731943
-104.7118227,32.24201518,165.4665508,91.50731251,9.07E-06,5.01E-06,10695,3.21E-11,-0.018630986,11859.46495,9.818865823
-104.711839,32.24201074,99.42927533,28.95638805,5.45E-06,1.59E-06,1523,4.57E-12,-0.859346433,2255.058141,32.46293866
-104.7118146,32.24200882,87.07474289,53.88255599,4.77E-06,2.95E-06,2313,6.94E-12,-2.110638231,3674.848766,37.05863432
-104.7118504,32.24200888,63.53379003,48.35781601,3.48E-06,2.65E-06,2049,6.15E-12,-0.458806254,2406.414985,14.85259138
-104.7118409,32.24200702,69.35086916,50.10259199,3.80E-06,2.75E-06,2246,6.74E-12,-1.516064468,2721.517829,17.47252301
-104.7118159,32.24200554,51.2147885,39.86953995,2.81E-06,2.18E-06,1408,4.23E-12,-2.573288762,1599.321182,11.96264918
-104.7118472,32.24200345,163.1764385,76.48875,8.94E-06,4.19E-06,6497,1.95E-11,-2.949776894,9775.840222,33.54023948
-104.7118516,32.24200384,62.38493418,27.49154967,3.42E-06,1.51E-06,1134,3.40E-12,-1.281461342,1343.315493,15.58200544
-104.7118157,32.24200017,76.13154508,49.29100164,4.17E-06,2.70E-06,2071,6.22E-12,-2.093871851,2939.21509,29.53901172
-104.7118508,32.24200077,30.83903987,26.45070084,1.69E-06,1.45E-06,475,1.43E-12,-0.13824626,638.9062159,25.65419021
-104.7118336,32.24199814,45.9983105,26.35158783,2.52E-06,1.44E-06,823,2.47E-12,-2.64404956,949.3967721,13.31337707
-104.7118135,32.24205414,33.79257855,29.59529519,1.85E-06,1.62E-06,672,2.02E-12,-0.391171023,783.3269876,14.21207099
-104.7118287,32.24204236,159.618622,87.67890585,8.75E-06,4.80E-06,9144,2.75E-11,-3.091914627,10961.69616,16.58225274
-104.7118035,32.24204148,79.872865,37.75585118,4.38E-06,2.07E-06,1426,4.28E-12,-2.843090555,2362.014773,39.62781197
-104.7118244,32.24203699,104.9836922,52.77728805,5.75E-06,2.89E-06,3518,1.06E-11,-2.272874589,4339.782797,18.93603518
-104.7118247,32.24202893,289.9984999,142.4723901,1.59E-05,7.81E-06,25900,7.78E-11,-0.060159942,32361.26894,19.96605557
-104.7118067,32.24203008,46.41134135,28.5819248,2.54E-06,1.57E-06,854,2.56E-12,-0.899548275,1038.99791,17.80541694
-104.7118347,32.24201945,308.759508,157.2123928,1.69E-05,8.61E-06,26547,7.97E-11,-1.848369187,38019.48233,30.17527232
-104.7118314,32.24201425,176.4759886,64.3898499,9.67E-06,3.53E-06,6094,1.83E-11,-2.664982912,8900.248191,31.52999929
-104.7118469,32.2420114,51.39958269,49.03407147,2.82E-06,2.69E-06,1261,3.79E-12,-2.13926395,1974.043098,36.12094885
-104.7118221,32.24201008,59.80155237,37.9218463,3.28E-06,2.08E-06,1084,3.25E-12,-1.648339248,1776.23741,38.97212199
-104.7118451,32.24200806,128.2271637,63.68328078,7.03E-06,3.49E-06,4340,1.30E-11,-2.62107155,6395.942432,32.14447994
-104.7118152,32.24200329,58.80300489,25.72283331,3.22E-06,1.41E-06,725,2.18E-12,-2.626974701,1184.724594,38.80434291
-104.7118301,32.24200291,33.37995314,20.51176735,1.83E-06,1.12E-06,413,1.24E-12,-0.272036646,536.2754129,22.98733261
-104.7118627,32.24200055,35.21423127,26.31404411,1.93E-06,1.44E-06,648,1.95E-12,-2.473401249,725.7798253,10.71672463
-104.7118706,32.24199419,23.15112352,20.86430432,1.27E-06,1.14E-06,261,7.84E-13,-1.862888594,378.3337299,31.01328817
-104.7118673,32.24198992,41.49443999,22.13430662,2.27E-06,1.21E-06,553,1.66E-12,-0.494926827,719.3742874,23.12763888
-104.7118696,32.24198976,51.52989048,22.42425883,2.82E-06,1.23E-06,688,2.07E-12,-2.722011405,905.0579723,23.98277005
-104.7118507,32.24198828,35.30410507,23.65852409,1.93E-06,1.30E-06,488,1.47E-12,-0.096984084,654.2021037,25.40531477
,,,,,,,,,,
-104.7118607,32.24197343,267.0865465,39.49669875,1.46E-05,2.16E-06,4932,1.48E-11,-2.560887541,8262.507971,40.30868088
-104.7118734,32.24197398,48.32874563,21.25553082,2.65E-06,1.16E-06,519,1.56E-12,-2.163990248,804.5935738,35.4953834
-104.7118749,32.24197381,43.68669593,33.21434718,2.39E-06,1.82E-06,813,2.44E-12,-0.381928221,1136.511938,28.46533567
-104.7118847,32.24196702,94.40429253,64.21939801,5.17E-06,3.52E-06,3903,1.17E-11,-3.053297103,4748.506682,17.80573849
-104.7118846,32.24196406,110.3067357,65.55739453,6.04E-06,3.59E-06,4861,1.46E-11,-2.960801761,5663.994186,14.17717178
-104.7118956,32.24197277,80.60750301,58.33601969,4.42E-06,3.20E-06,3296,9.90E-12,-0.072711328,3683.081618,10.50972143
,,,,,,,,,,
-104.7117006,32.24217343,44.7461056,23.59001731,2.45E-06,1.29E-06,590,1.77E-12,-1.620624579,826.7659539,28.63760328
-104.7117766,32.24215381,270.4591187,184.0080473,1.48E-05,1.01E-05,29368,8.82E-11,-2.508185502,38979.61331,24.65805198
-104.7117852,32.24214652,154.6031464,67.89820389,8.47E-06,3.72E-06,5460,1.64E-11,-2.769313655,8221.966358,33.59252809
-104.7117516,32.24209704,116.6086672,51.67384443,6.39E-06,2.83E-06,3960,1.19E-11,-2.563492567,4719.551027,16.09371364
-104.7117299,32.24219672,37.57600491,32.09031208,2.06E-06,1.76E-06,757,2.27E-12,-0.383986376,944.4601232,19.84838942
-104.7117338,32.24218537,233.6087387,90.65601783,1.28E-05,4.97E-06,10648,3.20E-11,-2.159315249,16587.64775,35.80765542
-104.7117167,32.24216214,165.2613897,112.9908965,9.06E-06,6.19E-06,8436,2.53E-11,-2.482047591,14625.60824,42.32034756
-104.7117167,32.24215819,53.2016734,27.54904684,2.92E-06,1.51E-06,946,2.84E-12,-0.037764539,1147.971091,17.59374366
-104.7117753,32.24214756,87.90031426,64.83609947,4.82E-06,3.55E-06,3319,9.97E-12,-0.183116165,4463.817073,25.6465947
-104.7117931,32.24213743,138.763469,70.77168878,7.60E-06,3.88E-06,5714,1.72E-11,-1.239513985,7691.902821,25.71409009
-104.7117948,32.24213047,68.42905032,29.23527651,3.75E-06,1.60E-06,1154,3.46E-12,-1.763544075,1566.919913,26.35233044
-104.7117592,32.24210587,112.7290439,73.7089032,6.18E-06,4.04E-06,5861,1.76E-11,-1.791132049,6508.109535,9.943126057
-104.7117763,32.24209589,26.43184125,21.27095982,1.45E-06,1.17E-06,384,1.15E-12,-2.119450627,440.3658028,12.79976839
,,,,,,,,,,
-104.7117754,32.24208981,53.50040508,24.96068967,2.93E-06,1.37E-06,791,2.37E-12,-2.718203186,1045.954355,24.37528499
-104.7117504,32.24208724,35.37096117,30.42194598,1.94E-06,1.67E-06,637,1.91E-12,-1.045701364,842.8163143,24.42006767
-104.7117618,32.24208669,84.19025896,46.57585117,4.61E-06,2.55E-06,2604,7.82E-12,-0.428113164,3071.296374,15.21495542
-104.7117505,32.24208356,65.75208859,48.87924409,3.60E-06,2.68E-06,2170,6.52E-12,-0.775681946,2517.289213,13.79615864
-104.71177,32.24208252,50.3407199,38.48075972,2.76E-06,2.11E-06,1245,3.74E-12,-1.579445241,1517.26745,17.94459175
-104.7117771,32.24208159,79.02073607,50.91387153,4.33E-06,2.79E-06,2276,6.83E-12,-2.458064145,3151.202225,27.77359758
-104.7117527,32.24208148,62.69715729,56.79562126,3.44E-06,3.11E-06,2098,6.30E-12,-0.17138502,2789.085231,24.77820409
-104.711794,32.24208077,74.96659555,68.01375961,4.11E-06,3.73E-06,3308,9.93E-12,-0.717125675,3993.591618,17.16729409
-104.7117794,32.24208132,33.00706592,21.54805708,1.81E-06,1.18E-06,466,1.40E-12,-0.840224631,557.0755775,16.34887278
-104.7117834,32.24207995,80.42774052,61.26481348,4.41E-06,3.36E-06,2850,8.56E-12,-0.097953203,3859.366876,26.1536907
-104.7117796,32.24207913,39.93162559,21.0135052,2.19E-06,1.15E-06,545,1.64E-12,-0.644060973,657.2257542,17.0756781
-104.7117594,32.24207551,192.8298444,37.53408668,1.06E-05,2.06E-06,4557,1.37E-11,-2.576248655,5668.905073,19.6141064
-104.7117862,32.24207639,63.46661155,56.54228145,3.48E-06,3.10E-06,2179,6.54E-12,-2.152512942,2810.72089,22.47540453
-104.7117724,32.24206904,182.0142086,69.49930235,9.97E-06,3.81E-06,6248,1.88E-11,-2.475848249,9907.973084,36.93967528
-104.7117811,32.24206839,33.71802359,27.18460797,1.85E-06,1.49E-06,602,1.81E-12,-2.804324882,717.9335781,16.14823176
-104.7117856,32.24206724,49.80240259,36.27241029,2.73E-06,1.99E-06,683,2.05E-12,-0.441111719,1414.900146,51.72804229
-104.7117847,32.24206554,53.81094672,28.66548548,2.95E-06,1.57E-06,843,2.53E-12,-2.746471554,1208.172693,30.22520663
-104.7117834,32.24205529,47.01770999,23.47460674,2.58E-06,1.29E-06,759,2.28E-12,-2.495270986,864.4878216,12.20234906
-104.7117861,32.24204828,29.25065531,22.46037972,1.60E-06,1.23E-06,334,1.00E-12,-3.053102674,514.5786648,35.09252853
-104.7117859,32.24204619,35.08559512,22.76223374,1.92E-06,1.25E-06,541,1.62E-12,-2.935828254,625.5223151,13.51227815
-104.7117913,32.24204384,81.2379348,21.95411135,4.45E-06,1.20E-06,1072,3.22E-12,-2.179071854,1396.927344,23.26014628
-104.7117929,32.24203184,32.44666115,28.74954901,1.78E-06,1.58E-06,566,1.70E-12,-2.400170404,730.6344251,22.53307803
-104.7117661,32.24208504,96.02075771,59.96010213,5.26E-06,3.29E-06,3375,1.01E-11,-1.702091095,4509.48113,25.15768659
-104.7117646,32.24207606,67.19731935,26.79297492,3.68E-06,1.47E-06,981,2.95E-12,-2.671919439,1410.171611,30.43399877
-104.7117683,32.24207535,83.54847403,24.90656464,4.58E-06,1.36E-06,961,2.89E-12,-2.324466077,1629.864246,41.03803416
,,,,,,,,,,
-104.7116594,32.24227562,179.9372562,106.2879977,9.86E-06,5.82E-06,10192,3.06E-11,-2.164854234,14979.74432,31.96145554
-104.7116816,32.24227146,85.12617885,72.18288863,4.66E-06,3.96E-06,3130,9.40E-12,-0.737029674,4812.78519,34.96489296
-104.7116576,32.24226866,149.9819134,124.8064988,8.22E-06,6.84E-06,13235,3.97E-11,-0.745072057,14661.39084,9.728891746
-104.7116505,32.24223348,67.74838515,36.2153684,3.71E-06,1.98E-06,1311,3.94E-12,-2.209511171,1921.723657,31.77999371
-104.7116149,32.24223469,34.9590486,25.11571033,1.92E-06,1.38E-06,598,1.80E-12,-2.652685104,687.7081193,13.04450489
-104.7116772,32.24223217,29.13283264,23.8142956,1.60E-06,1.30E-06,490,1.47E-12,-0.996326108,543.3998765,9.826994602
-104.7116178,32.24223074,26.72579321,21.06795785,1.46E-06,1.15E-06,367,1.10E-12,-2.442733537,441.0137457,16.78263919
-104.7116082,32.24222137,34.71318579,29.81320742,1.90E-06,1.63E-06,631,1.89E-12,-0.707201244,810.5918925,22.15564875
-104.7116226,32.2422143,80.18908946,53.2674328,4.39E-06,2.92E-06,2845,8.54E-12,-0.574198547,3345.61629,14.96335044
-104.7116351,32.24220767,163.6463465,91.78875206,8.97E-06,5.03E-06,7775,2.33E-11,-2.835908549,11765.07935,33.91459785
-104.7116652,32.24227113,38.85522215,28.6333808,2.13E-06,1.57E-06,758,2.28E-12,-2.550042948,871.407125,13.01425267
-104.7116848,32.24225704,58.06952683,43.02466978,3.18E-06,2.36E-06,1458,4.38E-12,-2.086502489,1956.883243,25.49376641
-104.7116388,32.24225409,78.97182376,33.79768103,4.33E-06,1.85E-06,1832,5.50E-12,-2.043754345,2090.538412,12.36707304
-104.7116497,32.24225151,88.4895937,58.93010195,4.85E-06,3.23E-06,2684,8.06E-12,-1.824707854,4084.401949,34.28658508
-104.7115888,32.24223063,73.91469165,45.78535044,4.05E-06,2.51E-06,2418,7.26E-12,-2.774133476,2650.674459,8.77793417
,,,,,,,,,,
-104.7116463,32.24219655,64.6122954,56.42427856,3.54E-06,3.09E-06,2593,7.79E-12,-0.256322553,2855.487518,9.192388921
-104.7116622,32.24219452,116.6824488,67.90659406,6.39E-06,3.72E-06,4725,1.42E-11,-0.116961927,6206.068501,23.86484295
-104.7116674,32.24219387,45.01313622,20.80050182,2.47E-06,1.14E-06,543,1.63E-12,-2.31478087,733.3514696,25.95637664
-104.7116584,32.24219293,50.48996866,36.87247339,2.77E-06,2.02E-06,1255,3.77E-12,-2.445993231,1458.164273,13.93287966
-104.7116716,32.24219222,85.66960121,48.880084,4.69E-06,2.68E-06,3044,9.14E-12,-0.378261452,3279.878607,7.191687111
-104.7116314,32.24218992,143.4756738,32.23014203,7.86E-06,1.77E-06,2529,7.59E-12,-2.49728039,3621.926005,30.17527148
-104.7116822,32.242188,79.36312964,54.48066282,4.35E-06,2.99E-06,2583,7.76E-12,-0.822416217,3386.571503,23.72817175
-104.7116709,32.24218652,217.1515994,72.46741376,1.19E-05,3.97E-06,9040,2.71E-11,-2.873134703,12325.50937,26.65617517
-104.7116533,32.24218609,68.72828651,31.20899266,3.77E-06,1.71E-06,1375,4.13E-12,-2.394257359,1680.019601,18.15571682
-104.711658,32.24218493,83.39812866,59.55458118,4.57E-06,3.26E-06,3318,9.96E-12,-2.616000325,3890.187749,14.70848674
-104.7116803,32.24217918,233.4455087,93.67870244,1.28E-05,5.13E-06,9007,2.70E-11,-2.859204216,17128.74211,47.41587011
-104.711661,32.24217195,74.83811569,35.08535296,4.10E-06,1.92E-06,1692,5.08E-12,-2.697998605,2056.590263,17.7278999
-104.7116832,32.2421703,90.44182986,21.45141253,4.96E-06,1.18E-06,1024,3.07E-12,-2.78577788,1519.582616,32.61307487
-104.7116601,32.24216828,71.07116472,49.09825291,3.89E-06,2.69E-06,1584,4.76E-12,-0.083066916,2733.119072,42.04423744
-104.7116751,32.2421645,149.9489584,60.20652054,8.22E-06,3.30E-06,5150,1.55E-11,-2.453163861,7071.085095,27.16817956
-104.7116798,32.24216647,92.77445321,26.21306267,5.08E-06,1.44E-06,1333,4.00E-12,-2.678958102,1904.781878,30.01823381
-104.711686,32.24216181,171.730688,107.8925098,9.41E-06,5.91E-06,12307,3.70E-11,-1.77682859,14512.36814,15.19647325
-104.7116783,32.24215798,92.58352087,56.21945556,5.07E-06,3.08E-06,3476,1.04E-11,-2.745513818,4076.800029,14.73704927
-104.7116415,32.24219737,188.5093608,61.88416224,1.03E-05,3.39E-06,6380,1.92E-11,-3.019047993,9137.166064,30.17528679
-104.7116521,32.24219513,56.51876031,35.90404987,3.10E-06,1.97E-06,1263,3.79E-12,-1.182700127,1589.407094,20.53640602
-104.7116783,32.24219562,39.03475195,26.19419201,2.14E-06,1.44E-06,588,1.77E-12,-0.345362043,800.8579882,26.57874322
-104.7116416,32.24219222,196.2632609,56.4267421,1.08E-05,3.09E-06,6072,1.82E-11,-2.945218531,8674.072902,29.9982826
-104.7116604,32.24218943,195.6036546,85.42647164,1.07E-05,4.68E-06,10340,3.10E-11,-2.944622824,13087.85622,20.99546459
-104.7116388,32.24219009,43.80155405,31.96995189,2.40E-06,1.75E-06,851,2.56E-12,-2.663563619,1096.807934,22.41121041
-104.7116845,32.24218526,39.27502292,25.23343467,2.15E-06,1.38E-06,664,1.99E-12,-2.787396264,776.2326342,14.45863383
-104.7116705,32.24218192,59.84154874,28.87590853,3.28E-06,1.58E-06,807,2.42E-12,-2.736500627,1353.4355,40.37395944
-104.711686,32.24218121,56.21348869,35.1108126,3.08E-06,1.92E-06,1269,3.81E-12,-0.132129486,1545.896811,17.91172662
-104.7116846,32.24217167,45.55673485,25.29764998,2.50E-06,1.39E-06,733,2.20E-12,-2.348036001,902.6759056,18.79699066
